{
  "mercedes": [
    "الفئة A",
    "الفئة B",
    "الفئة C",
    "الفئة E",
    "الفئة S",
    "GLA",
    "GLB",
    "GLC",
    "GLE",
    "GLS",
    "CLA",
    "CLS",
    "AMG GT",
    "G-Class",
    "SLK",
    "SL",
    "AMG C63",
    "AMG E63",
    "AMG S63",
    "EQC",
    "EQS",
    "EQA",
    "EQB",
    "فيانو",
    "سبرينتر",
    "أخرى"
  ],
  "bmw": [
    "الفئة 1",
    "الفئة 2",
    "الفئة 3",
    "الفئة 4",
    "الفئة 5",
    "الفئة 6",
    "الفئة 7",
    "الفئة 8",
    "X1",
    "X2",
    "X3",
    "X4",
    "X5",
    "X6",
    "X7",
    "Z4",
    "Z3",
    "i3",
    "i4",
    "i8",
    "iX",
    "iX3",
    "M3",
    "M4",
    "M5",
    "M8",
    "أخرى"
  ],
  "audi": [
    "A1",
    "A3",
    "A4",
    "A5",
    "A6",
    "A7",
    "A8",
    "Q2",
    "Q3",
    "Q4",
    "Q5",
    "Q7",
    "Q8",
    "TT",
    "R8",
    "S3",
    "S4",
    "S5",
    "S6",
    "RS3",
    "RS4",
    "RS5",
    "RS6",
    "e-tron",
    "e-tron GT",
    "Q4 e-tron",
    "أخرى"
  ],
  "toyota": [
    "كورولا",
    "كامري",
    "يارس",
    "راف 4",
    "لاند كروزر",
    "فورتشنر",
    "برادو",
    "هايلاندر",
    "أفالون",
    "سيكويا",
    "هايلوكس",
    "تندرا",
    "سيينا",
    "برايوس",
    "C-HR",
    "أوريس",
    "فينزا",
    "84",
    "سوبرا",
    "آيجو",
    "ايتيوس",
    "سوليو",
    "هايس",
    "كوستر",
    "دينا",
    "بيكسيس",
    "أخرى"
  ],
  "honda": [
    "سيفيك",
    "أكورد",
    "سيتي",
    "CR-V",
    "HR-V",
    "بايلوت",
    "جاز",
    "فيت",
    "انسايت",
    "أوديسي",
    "ريدج لاين",
    "باسبورت",
    "كلاريتي",
    "CR-Z",
    "S2000",
    "NSX",
    "أخرى"
  ],
  "nissan": [
    "صني",
    "سنترا",
    "التيما",
    "ماكسيما",
    "قشقاي",
    "باثفايندر",
    "إكس-تريل",
    "باترول",
    "أرمادا",
    "روج",
    "مورانو",
    "جوك",
    "كيكس",
    "فيرسا",
    "370Z",
    "GT-R",
    "ليف",
    "تيتان",
    "فرونتير",
    "تيدا",
    "نوت",
    "مايكرا",
    "نافارا",
    "أورفان",
    "أخرى"
  ],
  "hyundai": [
    "أكسنت",
    "إلنترا",
    "سوناتا",
    "توسان",
    "سانتافي",
    "كريتا",
    "i10",
    "i20",
    "i30",
    "i40",
    "ايونيك",
    "كونا",
    "نيكسو",
    "باليسيد",
    "فينو",
    "جينيسيس",
    "فيلوستر",
    "استر",
    "جيتز",
    "ماتريكس",
    "ازيرا",
    "H1",
    "H100",
    "بورتر",
    "أخرى"
  ],
  "kia": [
    "بيكانتو",
    "ريو",
    "سيراتو",
    "أوبتيما",
    "سبورتاج",
    "سورينتو",
    "سيلتوس",
    "ستينجر",
    "سول",
    "كادينزا",
    "نيرو",
    "تيلورايد",
    "كارنيفال",
    "K5",
    "K7",
    "K9",
    "EV6",
    "فورت",
    "بريد",
    "كلاروس",
    "شوما",
    "موهافي",
    "كارينس",
    "أخرى"
  ],
  "volkswagen": [
    "بولو",
    "جولف",
    "جيتا",
    "باسات",
    "تيجوان",
    "طوارق",
    "أرتيون",
    "T-Cross",
    "T-Roc",
    "شيروكو",
    "فايتون",
    "CC",
    "أب",
    "أماروك",
    "كادي",
    "كرافتر",
    "ID.3",
    "ID.4",
    "بيتل",
    "إيوس",
    "بورا",
    "لوبو",
    "فوكس",
    "أخرى"
  ],
  "chevrolet": [
    "سبارك",
    "أفيو",
    "كروز",
    "ماليبو",
    "كابتيفا",
    "تريل بليزر",
    "تاهو",
    "سوبربان",
    "سيلفرادو",
    "كولورادو",
    "إكوينوكس",
    "ترافيرس",
    "إمبالا",
    "كامارو",
    "كورفيت",
    "بولت",
    "إكسبريس",
    "أستر",
    "لانوس",
    "اوبترا",
    "ايبيزا",
    "تريكس",
    "جرووف",
    "أخرى"
  ],
  "ford": [
    "فييستا",
    "فوكس",
    "فيوجن",
    "إيكوسبورت",
    "إسكيب",
    "إكسبلورر",
    "إدج",
    "إكسبيديشن",
    "F-150",
    "موستانج",
    "برونكو",
    "إندفر",
    "ترانزيت",
    "رينجر",
    "مونديو",
    "كوجا",
    "S-MAX",
    "C-MAX",
    "جالاكسي",
    "كا",
    "بوما",
    "بوما ST",
    "تورنيو",
    "تيريتوري",
    "إيفرست",
    "أخرى"
  ],
  "mazda": [
    "مازدا 2",
    "مازدا 3",
    "مازدا 6",
    "CX-3",
    "CX-5",
    "CX-9",
    "CX-30",
    "MX-5",
    "RX-8",
    "بي تي-50",
    "تريبيوت",
    "MPV",
    "بيانتي",
    "CX-7",
    "أخرى"
  ],
  "suzuki": [
    "ألتو",
    "سويفت",
    "دزاير",
    "سياز",
    "إرتيجا",
    "جيمني",
    "فيتارا",
    "إس كروس",
    "XL7",
    "بالينو",
    "سيليريو",
    "إجنيس",
    "كولتوس",
    "سبلاش",
    "جراند فيتارا",
    "واجن آر",
    "كاري",
    "أبف",
    "أخرى"
  ],
  "mitsubishi": [
    "لانسر",
    "أتراج",
    "ASX",
    "إكليبس كروس",
    "أوتلاندر",
    "باجيرو",
    "L200",
    "مونتيرو",
    "جاليانت",
    "كولت",
    "ميراج",
    "أوتلاندر سبورت",
    "إندفر",
    "فيوسو",
    "كانتر",
    "أخرى"
  ],
  "lexus": [
    "IS",
    "ES",
    "GS",
    "LS",
    "UX",
    "NX",
    "RX",
    "LX",
    "GX",
    "CT",
    "RC",
    "LC",
    "LFA",
    "SC",
    "RX هايبرد",
    "ES هايبرد",
    "UX هايبرد",
    "أخرى"
  ],
  "peugeot": [
    "208",
    "301",
    "308",
    "508",
    "2008",
    "3008",
    "5008",
    "206",
    "207",
    "307",
    "407",
    "607",
    "807",
    "1007",
    "4007",
    "بارتنر",
    "بايبر",
    "إكسبرت",
    "بوكسر",
    "أخرى"
  ],
  "renault": [
    "لوجان",
    "سانديرو",
    "ميجان",
    "فلوينس",
    "داستر",
    "كابتشر",
    "كوليوس",
    "سينيك",
    "لاجونا",
    "كليو",
    "تويجو",
    "كانجو",
    "ماستر",
    "ترافيك",
    "زوي",
    "تاليسمان",
    "إسبيس",
    "كادجار",
    "أركانا",
    "أخرى"
  ],
  "skoda": [
    "فابيا",
    "رابيد",
    "أوكتافيا",
    "سوبيرب",
    "كاميك",
    "كاروك",
    "كودياك",
    "يتي",
    "رومستر",
    "سيتيجو",
    "سكالا",
    "أخرى"
  ],
  "seat": [
    "إيبيزا",
    "ليون",
    "توليدو",
    "أرونا",
    "أتيكا",
    "تاراكو",
    "الهامبرا",
    "كوردوبا",
    "التيا",
    "مي",
    "أخرى"
  ],
  "fiat": [
    "500",
    "تيبو",
    "دوبلو",
    "بونتو",
    "بانا",
    "500X",
    "500L",
    "فريمونت",
    "سيدوتشي",
    "كوبو",
    "إديا",
    "لينيا",
    "فيورينو",
    "أونو",
    "باليو",
    "أخرى"
  ],
  "geely": [
    "إمجراند",
    "كولراي",
    "أزكارا",
    "توجيلا",
    "أتلاس",
    "SC7",
    "CK",
    "MK",
    "FC",
    "LC",
    "X7",
    "بين رو",
    "بين يو",
    "جي سي 9",
    "أخرى"
  ],
  "byd": [
    "F3",
    "L3",
    "S6",
    "F0",
    "G3",
    "G6",
    "S7",
    "تانغ",
    "سونغ",
    "يوان",
    "هان",
    "e2",
    "e3",
    "e5",
    "e6",
    "أخرى"
  ],
  "chery": [
    "أريزو",
    "تيجو",
    "إنفي",
    "QQ",
    "A1",
    "A3",
    "A5",
    "فولوين",
    "تيجو 2",
    "تيجو 3",
    "تيجو 4",
    "تيجو 5",
    "تيجو 7",
    "تيجو 8",
    "إكسيد",
    "أخرى"
  ],
  "mg": [
    "MG3",
    "MG5",
    "MG6",
    "ZS",
    "HS",
    "RX5",
    "RX8",
    "ZT",
    "TF",
    "F",
    "GS",
    "GT",
    "350",
    "550",
    "750",
    "أخرى"
  ],
  "jac": [
    "J3",
    "J4",
    "J5",
    "S2",
    "S3",
    "S5",
    "T6",
    "T8",
    "iEV",
    "iEV6S",
    "iEV7S",
    "A13",
    "J2",
    "J6",
    "J7",
    "أخرى"
  ],
  "proton": [
    "ساجا",
    "برسونا",
    "إكسورا",
    "ويرا",
    "وجا",
    "جين-2",
    "بريفي",
    "أريا",
    "ساتريا",
    "بيردانا",
    "إكسورا بريميوم",
    "أخرى"
  ],
  "lada": [
    "جرانتا",
    "كالينا",
    "لارجوس",
    "نيفا",
    "بريورا",
    "فيستا",
    "X-Ray",
    "سامارا",
    "2107",
    "2110",
    "2112",
    "أخرى"
  ],
  "subaru": [
    "إمبريزا",
    "ليجاسي",
    "فورستر",
    "أوتباك",
    "XV",
    "WRX",
    "BRZ",
    "أسينت",
    "تريبيكا",
    "بايا",
    "جوستي",
    "أخرى"
  ],
  "jaguar": [
    "XE",
    "XF",
    "XJ",
    "E-PACE",
    "F-PACE",
    "F-TYPE",
    "I-PACE",
    "S-TYPE",
    "X-TYPE",
    "XK",
    "XJS",
    "أخرى"
  ],
  "land_rover": [
    "رينج روفر",
    "رينج روفر سبورت",
    "رينج روفر إيفوك",
    "رينج روفر فيلار",
    "ديسكفري",
    "ديسكفري سبورت",
    "ديفندر",
    "فريلاندر",
    "أخرى"
  ],
  "porsche": [
    "911",
    "718",
    "باناميرا",
    "كايين",
    "ماكان",
    "تايكان",
    "944",
    "928",
    "968",
    "بوكستر",
    "كايمان",
    "كاريرا GT",
    "918 سبايدر",
    "أخرى"
  ],
  "volvo": [
    "S60",
    "S90",
    "V40",
    "V60",
    "V90",
    "XC40",
    "XC60",
    "XC90",
    "S40",
    "S80",
    "V50",
    "V70",
    "XC70",
    "C30",
    "C70",
    "أخرى"
  ],
  "infiniti": [
    "Q30",
    "Q50",
    "Q60",
    "Q70",
    "QX30",
    "QX50",
    "QX60",
    "QX70",
    "QX80",
    "G35",
    "G37",
    "M35",
    "M37",
    "FX35",
    "FX37",
    "JX35",
    "أخرى"
  ],
  "acura": [
    "ILX",
    "TLX",
    "RLX",
    "MDX",
    "RDX",
    "NSX",
    "TSX",
    "TL",
    "RL",
    "RSX",
    "أخرى"
  ],
  "cadillac": [
    "ATS",
    "CTS",
    "XTS",
    "CT6",
    "XT4",
    "XT5",
    "XT6",
    "إسكاليد",
    "SRX",
    "CTS-V",
    "أخرى"
  ],
  "lincoln": [
    "MKZ",
    "كونتيننتال",
    "MKC",
    "كورسير",
    "نافيجيتر",
    "أفياتور",
    "نوتيلوس",
    "أخرى"
  ],
  "gmc": [
    "سييرا",
    "كانيون",
    "أكاديا",
    "تيرين",
    "يوكون",
    "سافانا",
    "أخرى"
  ],
  "dodge": [
    "تشارجر",
    "تشالنجر",
    "ديورانجو",
    "جورني",
    "رام",
    "دارت",
    "أفنجر",
    "كاليبر",
    "نيون",
    "إنتريبيد",
    "أخرى"
  ],
  "chrysler": [
    "300",
    "باسيفيكا",
    "سيبرينج",
    "كونكورد",
    "فويجر",
    "أسبن",
    "تاون آند كانتري",
    "بي تي كروزر",
    "كروس فاير",
    "أخرى"
  ],
  "jeep": [
    "جراند شيروكي",
    "شيروكي",
    "رانجلر",
    "كومباس",
    "رينيجيد",
    "جلاديتور",
    "واجونير",
    "أفنجر",
    "ليبرتي",
    "باتريوت",
    "أخرى"
  ],
  "ram": [
    "1500",
    "2500",
    "3500",
    "بروماستر",
    "بروماستر سيتي",
    "أخرى"
  ],
  "maserati": [
    "جيبلي",
    "كواتروبورتي",
    "ليفانتي",
    "جران توريزمو",
    "جران كابريو",
    "MC20",
    "أخرى"
  ],
  "ferrari": [
    "F8 تريبوتو",
    "بورتوفينو",
    "روما",
    "SF90 ستراديل",
    "812 سوبرفاست",
    "أخرى"
  ],
  "lamborghini": [
    "أوروس",
    "هوراكان",
    "أفينتادور",
    "جالاردو",
    "مورسيلاجو",
    "أخرى"
  ],
  "bentley": [
    "كونتيننتال GT",
    "فلاينج سبير",
    "بينتايجا",
    "مولسان",
    "أخرى"
  ],
  "rolls_royce": [
    "فانتوم",
    "جوست",
    "رايث",
    "كالينان",
    "داون",
    "أخرى"
  ],
  "aston_martin": [
    "DB11",
    "فانتاج",
    "DBS",
    "DBX",
    "رابيد",
    "أخرى"
  ],
  "mclaren": [
    "720S",
    "GT",
    "أرتورا",
    "765LT",
    "P1",
    "أخرى"
  ],
  "bugatti": [
    "شيرون",
    "فيرون",
    "ديفو",
    "أخرى"
  ],
  "alfa_romeo": [
    "جوليا",
    "ستيلفيو",
    "4C",
    "جولييتا",
    "ميتو",
    "أخرى"
  ],
  "lancia": [
    "دلتا",
    "إبسيلون",
    "تيما",
    "فلافيا",
    "أخرى"
  ],
  "citroen": [
    "C3",
    "C4",
    "C5",
    "C5 إيركروس",
    "بيرلينجو",
    "جامبي",
    "كاكتوس",
    "أخرى"
  ],
  "ds": [
    "DS3",
    "DS4",
    "DS5",
    "DS7 كروس باك",
    "DS9",
    "أخرى"
  ],
  "opel": [
    "كورسا",
    "أسترا",
    "إنسيجنيا",
    "موكا",
    "كروس لاند",
    "جراند لاند",
    "أخرى"
  ],
  "mini": [
    "كوبر",
    "كانتريمان",
    "كلوبمان",
    "باسمان",
    "كونفيرتبل",
    "أخرى"
  ],
  "smart": [
    "فورتو",
    "فورفور",
    "#1",
    "رودستر",
    "أخرى"
  ],
  "tesla": [
    "موديل 3",
    "موديل S",
    "موديل X",
    "موديل Y",
    "سايبرتراك",
    "أخرى"
  ],
  "lucid": [
    "Air",
    "Gravity",
    "أخرى"
  ],
  "rivian": [
    "R1T",
    "R1S",
    "أخرى"
  ],
  "haval": [
    "H2",
    "H6",
    "H9",
    "جوليون",
    "F7",
    "أخرى"
  ],
  "great_wall": [
    "وينجل",
    "هافال",
    "أورا",
    "أخرى"
  ],
  "dongfeng": [
    "AX7",
    "S50",
    "T5",
    "أخرى"
  ],
  "faw": [
    "بيستون",
    "X40",
    "X80",
    "أخرى"
  ],
  "byton": [
    "M-Byte",
    "K-Byte",
    "أخرى"
  ],
  "nio": [
    "ES6",
    "ES8",
    "ET7",
    "أخرى"
  ],
  "changan": [
    "CS35",
    "CS75",
    "CS95",
    "إيدو",
    "ألسفين",
    "أخرى"
  ],
  "foton": [
    "سافانا",
    "تونلاند",
    "أخرى"
  ],
  "jac_motors": [
    "S3",
    "S7",
    "T6",
    "أخرى"
  ],
  "zotye": [
    "T600",
    "SR9",
    "Z300",
    "أخرى"
  ],
  "lifan": [
    "X60",
    "Myway",
    "820",
    "أخرى"
  ],
  "daihatsu": [
    "تيريوس",
    "سيريون",
    "جران ماكس",
    "أخرى"
  ],
  "isuzu": [
    "دي-ماكس",
    "مو-إكس",
    "أخرى"
  ],
  "ssangyong": [
    "تيفولي",
    "كوراندو",
    "ريكستون",
    "أخرى"
  ],
  "dacia": [
    "داستر",
    "لوجان",
    "سانديرو",
    "أخرى"
  ],
  "tata": [
    "نيكسون",
    "هارير",
    "سفاري",
    "أخرى"
  ],
  "mahindra": [
    "XUV500",
    "سكوربيو",
    "بوليرو",
    "أخرى"
  ],
  "iran_khodro": [
    "سمند",
    "دنا",
    "رانا",
    "أخرى"
  ],
  "saipa": [
    "تيبا",
    "برايد",
    "كويك",
    "أخرى"
  ],
  "other": [
    "موديلات أخرى"
  ]
}