[
  {
    "name": "مرسيدس بنز",
    "value": "mercedes"
  },
  {
    "name": "بي إم دبليو",
    "value": "bmw"
  },
  {
    "name": "أودي",
    "value": "audi"
  },
  {
    "name": "تويوتا",
    "value": "toyota"
  },
  {
    "name": "هوندا",
    "value": "honda"
  },
  {
    "name": "نيسان",
    "value": "nissan"
  },
  {
    "name": "هيونداي",
    "value": "hyundai"
  },
  {
    "name": "كيا",
    "value": "kia"
  },
  {
    "name": "فولكس فاجن",
    "value": "volkswagen"
  },
  {
    "name": "شيفروليه",
    "value": "chevrolet"
  },
  {
    "name": "فورد",
    "value": "ford"
  },
  {
    "name": "مازدا",
    "value": "mazda"
  },
  {
    "name": "سوزوكي",
    "value": "suzuki"
  },
  {
    "name": "ميتسوبيشي",
    "value": "mitsubishi"
  },
  {
    "name": "لكزس",
    "value": "lexus"
  },
  {
    "name": "بيجو",
    "value": "peugeot"
  },
  {
    "name": "رينو",
    "value": "renault"
  },
  {
    "name": "سكودا",
    "value": "skoda"
  },
  {
    "name": "سيات",
    "value": "seat"
  },
  {
    "name": "فيات",
    "value": "fiat"
  },
  {
    "name": "جيلي",
    "value": "geely"
  },
  {
    "name": "بي واي دي",
    "value": "byd"
  },
  {
    "name": "شيري",
    "value": "chery"
  },
  {
    "name": "إم جي",
    "value": "mg"
  },
  {
    "name": "جاك",
    "value": "jac"
  },
  {
    "name": "بروتون",
    "value": "proton"
  },
  {
    "name": "لادا",
    "value": "lada"
  },
  {
    "name": "سوبارو",
    "value": "subaru"
  },
  {
    "name": "جاكوار",
    "value": "jaguar"
  },
  {
    "name": "لاند روفر",
    "value": "land_rover"
  },
  {
    "name": "بورش",
    "value": "porsche"
  },
  {
    "name": "فولفو",
    "value": "volvo"
  },
  {
    "name": "إنفينيتي",
    "value": "infiniti"
  },
  {
    "name": "أكورا",
    "value": "acura"
  },
  {
    "name": "كاديلاك",
    "value": "cadillac"
  },
  {
    "name": "لينكولن",
    "value": "lincoln"
  },
  {
    "name": "جي إم سي",
    "value": "gmc"
  },
  {
    "name": "دودج",
    "value": "dodge"
  },
  {
    "name": "كرايسلر",
    "value": "chrysler"
  },
  {
    "name": "جيب",
    "value": "jeep"
  },
  {
    "name": "رام",
    "value": "ram"
  },
  {
    "name": "مازيراتي",
    "value": "maserati"
  },
  {
    "name": "فيراري",
    "value": "ferrari"
  },
  {
    "name": "لامبورجيني",
    "value": "lamborghini"
  },
  {
    "name": "بنتلي",
    "value": "bentley"
  },
  {
    "name": "رولز رويس",
    "value": "rolls_royce"
  },
  {
    "name": "أستون مارتن",
    "value": "aston_martin"
  },
  {
    "name": "مكلارين",
    "value": "mclaren"
  },
  {
    "name": "بوجاتي",
    "value": "bugatti"
  },
  {
    "name": "ألفا روميو",
    "value": "alfa_romeo"
  },
  {
    "name": "لانسيا",
    "value": "lancia"
  },
  {
    "name": "سيتروين",
    "value": "citroen"
  },
  {
    "name": "دي إس",
    "value": "ds"
  },
  {
    "name": "أوبل",
    "value": "opel"
  },
  {
    "name": "مينى",
    "value": "mini"
  },
  {
    "name": "سمارت",
    "value": "smart"
  },
  {
    "name": "تسلا",
    "value": "tesla"
  },
  {
    "name": "لوسيد",
    "value": "lucid"
  },
  {
    "name": "ريفيان",
    "value": "rivian"
  },
  {
    "name": "هافال",
    "value": "haval"
  },
  {
    "name": "جريت وول",
    "value": "great_wall"
  },
  {
    "name": "دونجفينج",
    "value": "dongfeng"
  },
  {
    "name": "فاو",
    "value": "faw"
  },
  {
    "name": "بي واي تي أون",
    "value": "byton"
  },
  {
    "name": "إن آي أو",
    "value": "nio"
  },
  {
    "name": "شانجان",
    "value": "changan"
  },
  {
    "name": "فوتون",
    "value": "foton"
  },
  {
    "name": "جاك موتورز",
    "value": "jac_motors"
  },
  {
    "name": "زوتي",
    "value": "zotye"
  },
  {
    "name": "لايف إن",
    "value": "lifan"
  },
  {
    "name": "براي إم",
    "value": "braim"
  },
  {
    "name": "دايهاتسو",
    "value": "daihatsu"
  },
  {
    "name": "إيسوزو",
    "value": "isuzu"
  },
  {
    "name": "سانج يونج",
    "value": "ssangyong"
  },
  {
    "name": "داسيا",
    "value": "dacia"
  },
  {
    "name": "تاتا",
    "value": "tata"
  },
  {
    "name": "ماهيندرا",
    "value": "mahindra"
  },
  {
    "name": "بايجاني",
    "value": "bajaj"
  },
  {
    "name": "إيران خودرو",
    "value": "iran_khodro"
  },
  {
    "name": "سايبا",
    "value": "saipa"
  },
  {
    "name": "نصر",
    "value": "nasr"
  },
  {
    "name": "الغبور",
    "value": "ghabbour"
  },
  {
    "name": "أبو أوف",
    "value": "abouf"
  },
  {
    "name": "العاصمة",
    "value": "alasema"
  },
  {
    "name": "المجموعة البافارية",
    "value": "bavarian"
  },
  {
    "name": "ألفان",
    "value": "alphan"
  },
  {
    "name": "أوتو إيجيبت",
    "value": "auto_egypt"
  },
  {
    "name": "الحاج حسن",
    "value": "elhag_hassan"
  },
  {
    "name": "مصر إيطاليا",
    "value": "misr_italia"
  },
  {
    "name": "أخرى",
    "value": "other"
  }
]